size,levels,depth,babo_ns,liqui_ns,babo_mps,liqui_mps,babo_seconds,liqui_seconds,speedup
1000,64,15,22.667,60.875,44.117,16.4271,2.3e-05,6.1e-05,2.685622270260731
2000,64,31,24.771,88.312,40.3698,11.3234,5e-05,0.000177,3.565136651729845
5000,64,78,28.233,177.825,35.419,5.6235,0.000141,0.000889,6.29848050154075
10000,64,156,26.337,335.913,37.9687,2.977,0.000263,0.003359,12.754413942362456
20000,64,312,26.815,626.162,37.2931,1.597,0.000536,0.012523,23.35118403878426
50000,64,781,24.402,1530.737,40.9808,0.6533,0.00122,0.076537,62.72998114908614
100000,64,1562,27.382,3357.074,36.5197,0.2979,0.002738,0.335707,122.60149002994667
200000,64,3125,44.781,7243.051,22.3311,0.1381,0.008956,1.44861,161.7438422545276
